{
  "warnings": [
    {
      "file": "/Users/eladschiller/Documents/iOS Projects/MyCheckRestaurantSDK/MyCheckDine/Classes/Dine.swift",
      "line": 61,
      "symbol": "Dine.createNewPoller(delegate:)",
      "symbol_kind": "source.lang.swift.decl.function.method.instance",
      "warning": "undocumented"
    },
    {
      "file": "/Users/eladschiller/Documents/iOS Projects/MyCheckRestaurantSDK/MyCheckDine/Classes/PaymentDetails.swift",
      "line": 81,
      "symbol": "PaymentDetails.subtotalEntry",
      "symbol_kind": "source.lang.swift.decl.var.instance",
      "warning": "undocumented"
    },
    {
      "file": "/Users/eladschiller/Documents/iOS Projects/MyCheckRestaurantSDK/MyCheckDine/Classes/PaymentDetails.swift",
      "line": 83,
      "symbol": "PaymentDetails.taxEntry",
      "symbol_kind": "source.lang.swift.decl.var.instance",
      "warning": "undocumented"
    },
    {
      "file": "/Users/eladschiller/Documents/iOS Projects/MyCheckRestaurantSDK/MyCheckDine/Classes/PaymentDetails.swift",
      "line": 85,
      "symbol": "PaymentDetails.tipEntry",
      "symbol_kind": "source.lang.swift.decl.var.instance",
      "warning": "undocumented"
    },
    {
      "file": "/Users/eladschiller/Documents/iOS Projects/MyCheckRestaurantSDK/MyCheckDine/Classes/PaymentDetails.swift",
      "line": 87,
      "symbol": "PaymentDetails.totalEntry",
      "symbol_kind": "source.lang.swift.decl.var.instance",
      "warning": "undocumented"
    },
    {
      "file": "/Users/eladschiller/Documents/iOS Projects/MyCheckRestaurantSDK/MyCheckDine/Classes/objects/DiningFriend.swift",
      "line": 13,
      "symbol": "DiningFriend",
      "symbol_kind": "source.lang.swift.decl.struct",
      "warning": "undocumented"
    },
    {
      "file": "/Users/eladschiller/Documents/iOS Projects/MyCheckRestaurantSDK/MyCheckDine/Classes/objects/Item.swift",
      "line": 26,
      "symbol": "Item.init(json:)",
      "symbol_kind": "source.lang.swift.decl.function.method.instance",
      "warning": "undocumented"
    },
    {
      "file": "/Users/eladschiller/Documents/iOS Projects/MyCheckRestaurantSDK/MyCheckDine/Classes/objects/Order.swift",
      "line": 32,
      "symbol": "Bill.balance",
      "symbol_kind": "source.lang.swift.decl.var.instance",
      "warning": "undocumented"
    },
    {
      "file": "/Users/eladschiller/Documents/iOS Projects/MyCheckRestaurantSDK/MyCheckDine/Classes/objects/Order.swift",
      "line": 40,
      "symbol": "Bill.init(json:)",
      "symbol_kind": "source.lang.swift.decl.function.method.instance",
      "warning": "undocumented"
    },
    {
      "file": "/Users/eladschiller/Documents/iOS Projects/MyCheckRestaurantSDK/MyCheckDine/Classes/objects/Order.swift",
      "line": 85,
      "symbol": "UserSummary.init(json:)",
      "symbol_kind": "source.lang.swift.decl.function.method.instance",
      "warning": "undocumented"
    },
    {
      "file": "/Users/eladschiller/Documents/iOS Projects/MyCheckRestaurantSDK/MyCheckDine/Classes/objects/Order.swift",
      "line": 103,
      "symbol": "TaxSettings.init(json:)",
      "symbol_kind": "source.lang.swift.decl.function.method.instance",
      "warning": "undocumented"
    },
    {
      "file": "/Users/eladschiller/Documents/iOS Projects/MyCheckRestaurantSDK/MyCheckDine/Classes/objects/Order.swift",
      "line": 124,
      "symbol": "Settings.init(json:)",
      "symbol_kind": "source.lang.swift.decl.function.method.instance",
      "warning": "undocumented"
    },
    {
      "file": "/Users/eladschiller/Documents/iOS Projects/MyCheckRestaurantSDK/MyCheckDine/Classes/objects/Order.swift",
      "line": 167,
      "symbol": "Order.stamp",
      "symbol_kind": "source.lang.swift.decl.var.instance",
      "warning": "undocumented"
    },
    {
      "file": "/Users/eladschiller/Documents/iOS Projects/MyCheckRestaurantSDK/MyCheckDine/Classes/objects/Order.swift",
      "line": 237,
      "symbol": "Order.isEqual(_:)",
      "symbol_kind": "source.lang.swift.decl.function.method.instance",
      "warning": "undocumented"
    }
  ],
  "source_directory": "/Users/eladschiller/Documents/iOS Projects/MyCheckRestaurantSDK"
}