{
  "warnings": [
    {
      "file": "/Users/eladschiller/Documents/iOS Projects/MyCheckRestaurantSDK/MyCheckRestaurantSDK/Classes/Networking/Networking.swift",
      "line": null,
      "symbol": "Networking",
      "symbol_kind": "source.lang.swift.decl.extension",
      "warning": "undocumented"
    },
    {
      "file": "/Users/eladschiller/Documents/iOS Projects/MyCheckRestaurantSDK/MyCheckRestaurantSDK/Classes/Networking/Networking.swift",
      "line": 13,
      "symbol": "ErrorCodes",
      "symbol_kind": "source.lang.swift.decl.enum",
      "warning": "undocumented"
    },
    {
      "file": "/Users/eladschiller/Documents/iOS Projects/MyCheckRestaurantSDK/MyCheckRestaurantSDK/Classes/objects/Order.swift",
      "line": 32,
      "symbol": "BillSummary.balance",
      "symbol_kind": "source.lang.swift.decl.var.instance",
      "warning": "undocumented"
    },
    {
      "file": "/Users/eladschiller/Documents/iOS Projects/MyCheckRestaurantSDK/MyCheckRestaurantSDK/Classes/objects/Order.swift",
      "line": 41,
      "symbol": "BillSummary.init(json:)",
      "symbol_kind": "source.lang.swift.decl.function.method.instance",
      "warning": "undocumented"
    },
    {
      "file": "/Users/eladschiller/Documents/iOS Projects/MyCheckRestaurantSDK/MyCheckRestaurantSDK/Classes/objects/Order.swift",
      "line": 81,
      "symbol": "UserSummary.init(json:)",
      "symbol_kind": "source.lang.swift.decl.function.method.instance",
      "warning": "undocumented"
    },
    {
      "file": "/Users/eladschiller/Documents/iOS Projects/MyCheckRestaurantSDK/MyCheckRestaurantSDK/Classes/objects/Order.swift",
      "line": 100,
      "symbol": "TaxInfo.init(json:)",
      "symbol_kind": "source.lang.swift.decl.function.method.instance",
      "warning": "undocumented"
    }
  ],
  "source_directory": "/Users/eladschiller/Documents/iOS Projects/MyCheckRestaurantSDK"
}